{"cameraMode":{"drawMode":0,"name":"Shaded","section":"Shading Mode"},"sceneLighting":false,"audioPlay":false,"sceneViewState":{"m_AlwaysRefresh":false,"showFog":true,"showSkybox":false,"showFlares":true,"showImageEffects":true,"showParticleSystems":true,"showVisualEffectGraphs":true,"m_FxEnabled":true},"in2DMode":false,"pivot":{"x":1.2860053777694703,"y":0.03773410618305206,"z":-0.0004925727844238281},"rotation":{"x":0.013493511825799942,"y":-0.02999286539852619,"z":0.00040499752503819764,"w":0.9994612336158752},"size":1.9903829097747803,"orthographic":true}