{"cameraMode":{"drawMode":0,"name":"Shaded","section":"Shading Mode"},"sceneLighting":false,"audioPlay":false,"sceneViewState":{"m_AlwaysRefresh":false,"showFog":true,"showSkybox":false,"showFlares":true,"showImageEffects":true,"showParticleSystems":true,"showVisualEffectGraphs":true,"m_FxEnabled":true},"in2DMode":false,"pivot":{"x":1.1742615699768067,"y":1.470719575881958,"z":0.32169437408447268},"rotation":{"x":0.05245232582092285,"y":0.02995416708290577,"z":-0.001574062742292881,"w":0.998173713684082},"size":5.551965236663818,"orthographic":true}